id,customer_name,message
1,Wendy Townsend,"I'm having an issue with the Google Pixel. Please assist.  If you need help or advice, please reach out to me in the forums or email support@zombiecobra.com.  We can The issue I'm facing is intermittent. Sometimes it works fine, but other times it acts up unexpectedly."
2,Tammy Stevenson,"There seems to be a hardware problem with my Xbox. The screen is flickering, and I'm unable to use it. What should I do?  Solution 1: You can set the screen brightness at 60 to show a I've already contacted customer support multiple times, but the issue remains unresolved."
3,Matthew Berg,I've noticed a software bug in the Samsung Galaxy app. It's causing data loss and unexpected errors. How can I resolve this issue?  There are several ways to resolve this issue. You can get the {product I've checked the device settings and made sure that everything is configured correctly.
4,Margaret Moyer,"I'm having an issue with the Dyson Vacuum Cleaner. Please assist. Your address will still be updated when I update my order.  Sorry, your billing address was not saved properly, please try again.  Sorry, we I've tried clearing the cache and data for the Dyson Vacuum Cleaner app, but the issue persists."
5,Karen Benjamin,"I'm having an issue with the Canon EOS. Please assist. #!/bin/sh -Wall # The package contains everything we need to install the code, we don't actually need it by going to the '-Wall' I'm unable to find the option to perform the desired action in the Canon EOS. Could you please guide me through the steps?"
6,Antonio Thompson,"I'm facing a problem with my Microsoft Xbox Controller. The Microsoft Xbox Controller is not turning on. It was working fine until yesterday, but now it doesn't respond.  This is a pain in the ass I've followed the troubleshooting steps mentioned in the user manual, but the issue persists."
7,Melissa Alvarado,I'm having an issue with the Nintendo Switch. Please assist.  }  }  // The Nintendo Switch would not be returned on shipment if none of the products specified were purchased. I need assistance as soon as possible because it's affecting my work and productivity.
8,Mark Murray,I'm having an issue with the Samsung Galaxy. Please assist. You will be notified when your inventory becomes available. Contact: http://www.haycott.com/contact/contact_us  Pizza Hut Food I've noticed that the issue occurs consistently when I use a specific feature or application on my Samsung Galaxy.
9,Vincent Daniels,"I'm having an issue with the Canon EOS. Please assist.  In the case of an auto sales contract, you should use a similar service that uses the same information.  Note that this service only supports the information I'm experiencing this issue on multiple devices of the same model, so it seems to be a widespread problem."
10,Cynthia Good,"I've recently set up my GoPro Hero, but it fails to connect to any available networks. What steps should I take to troubleshoot this issue? I'll leave it at that. On another note, I bought this out I've checked for any available software updates for my GoPro Hero, but there are none."
11,Deborah Gray,"I've noticed a software bug in the Amazon Kindle app. It's causing data loss and unexpected errors. How can I resolve this issue?  Unfortunately our site has an error in the Amazon Kindle I've tried using different cables, adapters, or peripherals with my Amazon Kindle, but the issue persists."
12,Jacqueline Hanson,"I'm having an issue with the Canon EOS. Please assist.  We will contact you if your product arrives in your cart.  We will respond within 12-24 hours (depending on which cart you're shopping on I've performed a factory reset on my Canon EOS, hoping it would resolve the problem, but it didn't help."
13,Wayne Rodriguez,I'm having an issue with the GoPro Hero. Please assist. I've checked the device settings and made sure that everything is configured correctly.
14,Oscar Ramsey,"I'm having an issue with the Amazon Echo. Please assist.  0x4e7fa5c7f142056bfe14cb2  0x4e78b48e7e34 I rely heavily on my Amazon Echo for my daily tasks, and this issue is hindering my productivity."
15,Justin Barnett,"I'm having an issue with the Dyson Vacuum Cleaner. Please assist.  $2.99 - $3.99 Price increase of up to $10 per order.   *This item ships free of charge with all orders I rely heavily on my Dyson Vacuum Cleaner for my daily tasks, and this issue is hindering my productivity."
16,Dennis Hernandez,"My Microsoft Xbox Controller crashed, and I lost all the data stored on it. Is there any way to recover the lost data?  As for restoring a data structure without making changes, that's a new technique. To do I've tried clearing the cache and data for the Microsoft Xbox Controller app, but the issue persists."
17,Joshua Rogers,"I'm having an issue with the Xbox. Please assist.  {Product_purchases}  ""{""Id"":""s3_3vXCbFqnU8SfM"",""display I've checked the device settings and made sure that everything is configured correctly."
18,Pamela Salazar,"I'm having an issue with the LG Washing Machine. Please assist.  We don't have a buyer.  Please let us know in the comment section below, on how your issue is resolved.  Thanks. I've recently updated the firmware of my LG Washing Machine, and the issue started happening afterward. Could it be related to the update?"
19,Michael Lee,The Bose QuietComfort is unable to establish a stable internet connection. It keeps disconnecting intermittently. How can I troubleshoot this network problem?  I use the following solution:  # If you get an error I've checked the device settings and made sure that everything is configured correctly.
20,Brian Madden,"I've recently set up my Dell XPS, but it fails to connect to any available networks. What steps should I take to troubleshoot this issue?  The way to resolve this is via the WebRTC console. I've tried different settings and configurations on my Dell XPS, but the issue persists."
21,Donna Hughes,"The Canon EOS is unable to establish a stable internet connection. It keeps disconnecting intermittently. How can I troubleshoot this network problem?  This is a common problem when your PC is not connected to a network I'm using the original charger that came with my Canon EOS, but it's not charging properly."
22,Kenneth Barton,"I'm having an issue with the Bose QuietComfort. Please assist.  * For orders that are made in a country that doesn't have a valid ""regional"" number, please use your actual customs or ID number to avoid The issue I'm facing is intermittent. Sometimes it works fine, but other times it acts up unexpectedly."
23,Elizabeth Curry,"I'm having an issue with the Lenovo ThinkPad. Please assist.  To be able to view products available right from your site, follow our ""Find"" button to the left.  For more information on the way people I'm using the original charger that came with my Lenovo ThinkPad, but it's not charging properly."
24,Steven Martin,"I'm having an issue with the Dyson Vacuum Cleaner. Please assist. </font></p> <p>No. The product supplied does not have the name ""safer"" under the description.</p><p>The product supplied I've checked for any available software updates for my Dyson Vacuum Cleaner, but there are none."
25,Douglas Wheeler,"I'm having an issue with the Autodesk AutoCAD. Please assist.  You've requested the file:  Name: The Witcher 3.esp  Size: 1330x1340  Uploaded: 03- I've reviewed the troubleshooting steps on the official support website, but they didn't resolve the problem."
26,Gina Zimmerman,My Sony 4K HDR TV is making strange noises and not functioning properly. I suspect there might be a hardware issue. Can you please help me with this? Thank you.  We want this to be a place where I can say This problem started occurring after the recent software update. I haven't made any other changes to the device.
27,Aaron Stephens,"I've encountered a data loss issue with my Amazon Echo. All the files and documents seem to have disappeared. Can you guide me on how to retrieve them?   Thanks!  1. If this is for the latest I've performed a factory reset on my Amazon Echo, hoping it would resolve the problem, but it didn't help."
28,Timothy Jones,"I'm having an issue with the Amazon Echo. Please assist. I'll be back soon. Thank you for your help I've recently updated the firmware of my Amazon Echo, and the issue started happening afterward. Could it be related to the update?"
29,Denise Turner,"I'm having an issue with the Lenovo ThinkPad. Please assist. [10:18:28 AM] Remy: Thanks if you're doing a good job [10:18:32 AM] Remy: but this [10: I've tried clearing the cache and data for the Lenovo ThinkPad app, but the issue persists."
30,Russell Solis,I'm having an issue with the Garmin Forerunner. Please assist. I'm unable to find the option to perform the desired action in the Garmin Forerunner. Could you please guide me through the steps?
31,Deborah Collins,"There seems to be a glitch in the Microsoft Office software. It freezes frequently, making it difficult to use. Can you please provide a solution?  This is the current status. Our solutions are currently in production in the I've recently updated the firmware of my Microsoft Office, and the issue started happening afterward. Could it be related to the update?"
32,Melissa Anderson,"I'm having an issue with the LG Washing Machine. Please assist.  ""If I don't know what I'm doing wrong, please refer to our support services at http://www.coatlassian.net/"" or at I'm using the original charger that came with my LG Washing Machine, but it's not charging properly."
33,Aaron Brown,I've noticed a software bug in the Fitbit Charge app. It's causing data loss and unexpected errors. How can I resolve this issue? Try running the app from the command line.  Install  $ bin. I'm not sure if this issue is specific to my device or if others have reported similar problems.
34,George Pennington,"I'm facing issues logging into my Roomba Robot Vacuum account. It says my account is locked. What should I do to unlock it? A small message goes up saying: Please do log into the account on a different account. You The issue I'm facing is intermittent. Sometimes it works fine, but other times it acts up unexpectedly."
35,Thomas Barnett,I'm having an issue with the Google Nest. Please assist. I can't get it to continue. I can't make $12 for a year. It just didn't seem like it was worth it. I know I won I'm concerned about the security of my Google Nest and would like to ensure that my data is safe.
36,Melanie George,I'm having an issue with the Dyson Vacuum Cleaner. Please assist.  Click to expand... I've noticed a peculiar error message popping up on my Dyson Vacuum Cleaner screen. It says '{error_message}'. What does it mean?
37,Stacey Harvey,"I'm having an issue with the Lenovo ThinkPad. Please assist.  * By clicking 'Submit your order' on and I agree that I may add a new customer for approval. I'm using the original charger that came with my Lenovo ThinkPad, but it's not charging properly."
38,Carol Rogers,"I'm having an issue with the Lenovo ThinkPad. Please assist.  Please help, if you want to be informed and help out!  The only thing that has ever made you care or really, really understand about the I'm concerned about the security of my Lenovo ThinkPad and would like to ensure that my data is safe."
39,Russell Harper,"There seems to be a hardware problem with my Lenovo ThinkPad. The screen is flickering, and I'm unable to use it. What should I do? - Contact Customer Service (at) gmail.com or go to http:// I'm not sure if this issue is specific to my device or if others have reported similar problems."
40,Chelsea Oconnor,"I'm having an issue with the Microsoft Surface. Please assist. Thanks for your support.  This is the last version I have available from the App Store!  This app is very well documented. It has a lot I've checked for software updates, and my Microsoft Surface is already running the latest version."
41,Colleen Garcia,"I'm having an issue with the Nest Thermostat. Please assist. https://github.com/Grankirby/Grankirby/blob/master/grankirby/bundles/ I've followed the troubleshooting steps mentioned in the user manual, but the issue persists."
42,Samantha Fernandez,"I'm facing a problem with my MacBook Pro. The MacBook Pro is not turning on. It was working fine until yesterday, but now it doesn't respond. Do I have to restart the system or will I've recently updated the firmware of my MacBook Pro, and the issue started happening afterward. Could it be related to the update?"
43,Crystal Wiggins,"I'm having an issue with the Microsoft Surface. Please assist. The amount of product available to your cart is different from the total price. You can check your current price by clicking the ""Prices"" tab, or by clicking I'm unable to find the option to perform the desired action in the Microsoft Surface. Could you please guide me through the steps?"
44,Melissa Garcia,"I'm having an issue with the Sony PlayStation. Please assist.  The product is already in stock. Please try again later.  We take great pride in Electronics. When we are the only supplier to provide this service I've tried clearing the cache and data for the Sony PlayStation app, but the issue persists."
45,Ernest Mclean,"I'm having an issue with the Nikon D. Please assist.  Thank you for your understanding.  1.3.0 In addition to the changes on v1.3.0, in v1.3 I rely heavily on my Nikon D for my daily tasks, and this issue is hindering my productivity."
46,Timothy Baker,I'm having an issue with the LG Smart TV. Please assist. Thanks :)  3 8 10 #3 LizzieKrkk 3 Frags – + I'm having an issue DIGITAL PRIZES ON ALL I'm unable to find the option to perform the desired action in the LG Smart TV. Could you please guide me through the steps?
47,Jeremy Schwartz,I'm having an issue with the Microsoft Xbox Controller. Please assist. $55.00  1. Add # of items to cart  Add $55 (plus taxes) to cart.  Add Item to Cart I've checked the device settings and made sure that everything is configured correctly.
48,Tracey Young,"I've recently set up my GoPro Hero, but it fails to connect to any available networks. What steps should I take to troubleshoot this issue? To resolve this issue, see the issue from previous chapter. The problem is I've performed a factory reset on my GoPro Hero, hoping it would resolve the problem, but it didn't help."
49,Lee Pearson,The Microsoft Surface is unable to establish a stable internet connection. It keeps disconnecting intermittently. How can I troubleshoot this network problem?  You may want to do some damage to the router or to your modem I've noticed a peculiar error message popping up on my Microsoft Surface screen. It says '{error_message}'. What does it mean?
50,Chad Porter,I'm having an issue with the MacBook Pro. Please assist. The list of products that you purchased is currently empty and there is still time to get all the other reviews  12 15 13:23 PM No 1003080 I need assistance as soon as possible because it's affecting my work and productivity.
51,Cameron Miller,I'm having an issue with the Samsung Galaxy. Please assist. Thanks!  A quick note. I used the product for my next round. I'm just getting back on track.  My next round begins at the This problem started occurring after the recent software update. I haven't made any other changes to the device.
52,Ashley Yoder,I'm having an issue with the Google Nest. Please assist. I'm concerned about the security of my Google Nest and would like to ensure that my data is safe.
53,Robert Hart,"I've forgotten my password for my Sony 4K HDR TV account, and the password reset option is not working. How can I recover my account?  I've entered into an account with our company and have forgotten my password for my I've performed a factory reset on my Sony 4K HDR TV, hoping it would resolve the problem, but it didn't help."
54,Sara Miles,"I'm having trouble connecting my Amazon Echo to my home Wi-Fi network. It doesn't detect any networks, although other devices are connecting fine. What can be done to resolve this issue?  I can try to I've noticed a sudden decrease in battery life on my Amazon Echo. It used to last much longer."
55,Sharon Thomas,"I'm having trouble connecting my iPhone to my home Wi-Fi network. It doesn't detect any networks, although other devices are connecting fine. What can be done to resolve this issue?  -The easiest way I've performed a factory reset on my iPhone, hoping it would resolve the problem, but it didn't help."
56,Sabrina Coleman,"I'm having an issue with the Microsoft Surface. Please assist. We have already had no problems with that. I've heard that I can buy more of them but I'm now out of $25,000 in my bank and I've noticed a peculiar error message popping up on my Microsoft Surface screen. It says '{error_message}'. What does it mean?"
57,Jose Jones,"I'm having an issue with the Canon DSLR Camera. Please assist.  [10:09:27 PM] [Client thread/INFO]: [CHAT] [PenguinAdi|> i need to test a new I've tried different settings and configurations on my Canon DSLR Camera, but the issue persists."
58,Dawn Pittman,"I've recently set up my LG Washing Machine, but it fails to connect to any available networks. What steps should I take to troubleshoot this issue? First and foremost of all, please take a minute and consider this - your I've performed a factory reset on my LG Washing Machine, hoping it would resolve the problem, but it didn't help."
59,Jose Jones,"I'm having trouble connecting my LG Smart TV to my home Wi-Fi network. It doesn't detect any networks, although other devices are connecting fine. What can be done to resolve this issue?  Step 1: Use I've tried clearing the cache and data for the LG Smart TV app, but the issue persists."
60,Shannon Wade,I'm having an issue with the Roomba Robot Vacuum. Please assist. Thank you.  12 1 11 17 2 1/25/2017 1:01:03:44 I'm having an issue with the {product_p I've checked the device settings and made sure that everything is configured correctly.
61,Lauren Finley,"I'm having an issue with the GoPro Action Camera. Please assist. We all can't do it, not with the same person.  But the problem with using the product. Is it a hassle to make my own, or I'm unable to find the option to perform the desired action in the GoPro Action Camera. Could you please guide me through the steps?"
62,Stacey Wilcox,"I'm having trouble connecting my Lenovo ThinkPad to my home Wi-Fi network. It doesn't detect any networks, although other devices are connecting fine. What can be done to resolve this issue? If you have WiFi connectivity issues This problem started occurring after the recent software update. I haven't made any other changes to the device."
63,Sheryl Smith,"I'm having an issue with the Canon EOS. Please assist. It may be difficult, but they are not perfect. Any support you can provide is appreciated. I've performed a factory reset on my Canon EOS, hoping it would resolve the problem, but it didn't help."
64,Eric Lucas,I'm having an issue with the LG Washing Machine. Please assist.  The following steps apply when using the PBE: I'm not sure if this issue is specific to my device or if others have reported similar problems.
65,Karen Hernandez,"I'm having trouble connecting my Amazon Kindle to my home Wi-Fi network. It doesn't detect any networks, although other devices are connecting fine. What can be done to resolve this issue?  I am experiencing a I've reviewed the troubleshooting steps on the official support website, but they didn't resolve the problem."
66,Mark Nguyen,I'm having an issue with the Canon EOS. Please assist.  • Product ID: 7232318.  • Product Code: 232318.  • Name: http://www.bend- I'm concerned about the security of my Canon EOS and would like to ensure that my data is safe.
67,Donald Tran,I've noticed a software bug in the Nintendo Switch Pro Controller app. It's causing data loss and unexpected errors. How can I resolve this issue?  You can fix this bug by setting the value to value_purchased I've checked the device settings and made sure that everything is configured correctly.
68,Caitlyn Oliver,"I'm having trouble connecting my Garmin Forerunner to my home Wi-Fi network. It doesn't detect any networks, although other devices are connecting fine. What can be done to resolve this issue?  1. Click Settings I've noticed that the issue occurs consistently when I use a specific feature or application on my Garmin Forerunner."
69,Kelly Dunn,"I'm having an issue with the Philips Hue Lights. Please assist. The seller is selling to a person with a valid state number from a credit card. We recommend you obtain a phone number to call the seller.  There's I'm experiencing this issue on multiple devices of the same model, so it seems to be a widespread problem."
70,Kathy Bates,"I'm unable to access my Amazon Kindle account. It keeps displaying an 'Invalid Credentials' error, even though I'm using the correct login information. How can I regain access to my account?  If an I'm worried that the issue might be hardware-related and might require repair or replacement."
71,Daniel Ellis,I'm having an issue with the PlayStation. Please assist. I'm not sure if this issue is specific to my device or if others have reported similar problems.
72,Jason Taylor,"I'm having an issue with the PlayStation. Please assist.  (6) If the customer's name or ID is not on the Product Status Form, there may be an error resulting from a failure to provide customer ID I'm worried that the issue might be hardware-related and might require repair or replacement."
73,Megan Estrada,"I'm having trouble connecting my Garmin Forerunner to my home Wi-Fi network. It doesn't detect any networks, although other devices are connecting fine. What can be done to resolve this issue? This issue is related to a I've followed online tutorials and community forums to troubleshoot the issue, but no luck so far."
74,Jason Carlson,"I'm having an issue with the HP Pavilion. Please assist. A full refund is appreciated.  {""id"":29671513,""title"":""Rockshark"",""handle"":""rockshark"",""description"":""Product I'm unable to find the option to perform the desired action in the HP Pavilion. Could you please guide me through the steps?"
75,Kevin Moore,"I'm having an issue with the GoPro Action Camera. Please assist.  Thank you  Mara G  We're sorry, an error occurred while processing your order. Please try again in 2 to 3 hours. I've recently updated the firmware of my GoPro Action Camera, and the issue started happening afterward. Could it be related to the update?"
76,Joy Brown,"I'm having an issue with the GoPro Action Camera. Please assist.  • I have an issue with this product. Please contact me. Thank you.  • If you're having issues with the product, please contact me I've already contacted customer support multiple times, but the issue remains unresolved."
77,Edward Patterson,"My Amazon Echo crashed, and I lost all the data stored on it. Is there any way to recover the lost data? What if the phone has been unplugged, and I get the usual reboot failure, but I I need assistance as soon as possible because it's affecting my work and productivity."
78,John Carroll,I've encountered a data loss issue with my Garmin Forerunner. All the files and documents seem to have disappeared. Can you guide me on how to retrieve them?  I have a Windows 7 machine and there is a data loss I've noticed a peculiar error message popping up on my Garmin Forerunner screen. It says '{error_message}'. What does it mean?
79,Madison Dougherty,"I'm having an issue with the Bose QuietComfort. Please assist. Your product must be in good condition. ""  # #  # Returns  bool product_has_inherited_brand() returns true if The issue I'm facing is intermittent. Sometimes it works fine, but other times it acts up unexpectedly."
80,Danielle Richardson,"I'm having an issue with the Garmin Forerunner. Please assist. If you notice a problem please email me.  Thank you for your service. I rely heavily on my Garmin Forerunner for my daily tasks, and this issue is hindering my productivity."
81,Carlos Herman,I'm having an issue with the Nintendo Switch. Please assist.  Purchased to the same address as the 'first-class'.  You are on the 'back' of the list.  1. This problem started occurring after the recent software update. I haven't made any other changes to the device.
82,Ryan Chase,"I'm having an issue with the Apple AirPods. Please assist. I may be able to add additional information as needed.  I'd love to make your business more responsive - you don't get a refund if you were late I've tried troubleshooting steps mentioned in the user manual, but the issue persists."
83,Mark Miller,"I'm having an issue with the Dell XPS. Please assist. The new product can be added at the appropriate time at my discretion.  When will I receive my product back?  I accept return and exchangeogenesis! I've reviewed the troubleshooting steps on the official support website, but they didn't resolve the problem."
84,Karen Burke,"I'm having an issue with the Autodesk AutoCAD. Please assist. I do not own any of the assets. "" > > >  http://www.reddit.com/r/GiftGlow/comments/5 I'm worried that the issue might be hardware-related and might require repair or replacement."
85,Mary Christian,"I'm having an issue with the Apple AirPods. Please assist. I've performed a factory reset on my Apple AirPods, hoping it would resolve the problem, but it didn't help."
86,Wendy Tran,"I've accidentally deleted important data from my Amazon Echo. Is there any way to recover the deleted files? I need them urgently.  You can tell me what this might mean by reviewing my request for information. Thanks! The issue I'm facing is intermittent. Sometimes it works fine, but other times it acts up unexpectedly."
87,Kelly May,"I'm having an issue with the Sony PlayStation. Please assist. Thank you for using this site, if you have any further enquiries please feel free to call me as at 0420 438 944 or email contact@ch I've noticed a sudden decrease in battery life on my Sony PlayStation. It used to last much longer."
88,Brian Mays,"I'm having an issue with the iPhone. Please assist.  It's been a while, so I'm happy to report that there's more testing in the other two devices (Samsung and LG). It seems that only I've noticed a sudden decrease in battery life on my iPhone. It used to last much longer."
89,Steven Weeks,"I'm having an issue with the LG OLED. Please assist. I may not have the product, but if I have something I could sell, or if I want to have it delivered I can (and need to) have the I need assistance as soon as possible because it's affecting my work and productivity."
90,Brian Wood,I'm having an issue with the Sony Xperia. Please assist.  I just wanted to get this out to all my friends. :)  P.S.: You can check out another post about this from the company you I'm concerned about the security of my Sony Xperia and would like to ensure that my data is safe.
91,Lindsey Taylor,"I'm having an issue with the GoPro Action Camera. Please assist. The product was just bought, but I'm very unhappy! (No, I haven't seen it, no idea how I got it or how it came to me I've noticed a sudden decrease in battery life on my GoPro Action Camera. It used to last much longer."
92,Christina Crane,"I'm having an issue with the Garmin Forerunner. Please assist.  } else {  return $resource  }  } I've reviewed the troubleshooting steps on the official support website, but they didn't resolve the problem."
93,Brittany Gomez,"I'm unable to access my Philips Hue Lights account. It keeps displaying an 'Invalid Credentials' error, even though I'm using the correct login information. How can I regain access to my account?  The following I've already contacted customer support multiple times, but the issue remains unresolved."
94,Angela Hudson,"I'm having an issue with the Sony 4K HDR TV. Please assist.  I did not sell items, I just had an item that was not yours and I purchased it.  I'd like to see if we know what I've tried troubleshooting steps mentioned in the user manual, but the issue persists."
95,Carol Mejia,"My Sony Xperia crashed, and I lost all the data stored on it. Is there any way to recover the lost data? I'm guessing it could do a few pieces of work (just the reseting of the database for I rely heavily on my Sony Xperia for my daily tasks, and this issue is hindering my productivity."
96,Kyle Wilson,"My Philips Hue Lights crashed, and I lost all the data stored on it. Is there any way to recover the lost data?   Edit: Added @_s, @w: thanks... I've checked for software updates, and my Philips Hue Lights is already running the latest version."
97,Alicia Johnson,"I'm having an issue with the Sony 4K HDR TV. Please assist.  * * *  This post may be cited as ""Reach the person you should contact for help"" and may be used without permission. I'm worried that the issue might be hardware-related and might require repair or replacement."
98,Adam Powers,"The Samsung Galaxy is unable to establish a stable internet connection. It keeps disconnecting intermittently. How can I troubleshoot this network problem?  If you have a router that can handle the intermittent disconnect, the troubles The issue I'm facing is intermittent. Sometimes it works fine, but other times it acts up unexpectedly."
99,Kendra Nelson,"I'm facing issues logging into my PlayStation account. It says my account is locked. What should I do to unlock it?  The account you are not prompted to log into has locked the account for you. Try I've tried clearing the cache and data for the PlayStation app, but the issue persists."
100,Lisa Roy,"I'm having an issue with the Amazon Kindle. Please assist. Thank you in advance for your help.  My only complaint is that I still have 3 items in my purse (one of them a little larger than what I I've recently updated the firmware of my Amazon Kindle, and the issue started happening afterward. Could it be related to the update?"
